  {
    "separator": "-- ===== TABLE: profiles ===== ",
    "sql_insert": "INSERT INTO profiles (id, email, username, display_name, avatar_url, bio, email_confirmed, registration_completed, stats, preferences, legal_consent, age_verification, created_at, updated_at) VALUES ('b64524ba-9daa-4fe7-8372-a9e94402ab83'::uuid, 'test@test.fr', 'utilisateur_test', 'utilisateur_test', NULL, NULL, false, true, '{\"badges\": [], \"totalFails\": 0, \"couragePoints\": 0}'::jsonb, '{}'::jsonb, '{\"consentDate\": \"2025-08-09T06:34:37.035Z\", \"consentVersion\": \"1.0\", \"marketingOptIn\": true, \"documentsAccepted\": [\"terms-of-service\", \"privacy-policy\", \"moderation-charter\", \"age-restrictions\"]}'::jsonb, '{\"isMinor\": false, \"birthDate\": \"2000-02-01\", \"parentEmail\": null, \"parentConsentDate\": null, \"needsParentalConsent\": false}'::jsonb, '2025-08-09 06:34:38.403211'::timestamptz, '2025-08-09 06:34:39.665645+00'::timestamptz), ('a36deb63-dd4e-4828-adcf-0b6e457c25f2'::uuid, 'bruno@taazzz.be', 'bruno_ordi', 'bruno_ordi', NULL, NULL, false, true, '{\"badges\": [], \"totalFails\": 0, \"couragePoints\": 0}'::jsonb, '{}'::jsonb, '{\"consentDate\": \"2025-08-09T17:56:36.814Z\", \"consentVersion\": \"1.0\", \"marketingOptIn\": true, \"documentsAccepted\": [\"terms-of-service\", \"privacy-policy\", \"moderation-charter\", \"age-restrictions\"]}'::jsonb, '{\"isMinor\": false, \"birthDate\": \"1981-08-20T22:00:00.000Z\", \"parentEmail\": null, \"parentConsentDate\": null, \"needsParentalConsent\": false}'::jsonb, '2025-08-09 17:56:38.659255'::timestamptz, '2025-08-09 17:56:39.918335+00'::timestamptz), ('60232dad-d6a0-43a6-baa2-f525133e4261'::uuid, 'bruno@taeee.be', 'bruno_test_samsung', 'bruno_test_samsung', NULL, NULL, false, true, '{\"badges\": [], \"totalFails\": 0, \"couragePoints\": 0}'::jsonb, '{}'::jsonb, '{\"consentDate\": \"2025-08-10T06:48:00.542Z\", \"consentVersion\": \"1.0\", \"marketingOptIn\": true, \"documentsAccepted\": [\"terms-of-service\", \"privacy-policy\", \"moderation-charter\", \"age-restrictions\"]}'::jsonb, '{\"isMinor\": false, \"birthDate\": \"2000-08-09T22:00:00.000Z\", \"parentEmail\": null, \"parentConsentDate\": null, \"needsParentalConsent\": false}'::jsonb, '2025-08-10 06:48:01.542247'::timestamptz, '2025-08-10 06:48:02.730653+00'::timestamptz), ('ec47b667-71ae-4d54-a414-f8e7f755226b'::uuid, 'allah@hackbar.is', 'nouveau_test_user_pc_winchiot', 'nouveau_test_user_pc_winchiot', NULL, NULL, false, true, '{\"badges\": [], \"totalFails\": 0, \"couragePoints\": 0}'::jsonb, '{}'::jsonb, '{\"consentDate\": \"2025-08-10T07:55:26.437Z\", \"consentVersion\": \"1.0\", \"marketingOptIn\": true, \"documentsAccepted\": [\"terms-of-service\", \"privacy-policy\", \"moderation-charter\", \"age-restrictions\"]}'::jsonb, '{\"isMinor\": false, \"birthDate\": \"2000-01-31T23:00:00.000Z\", \"parentEmail\": null, \"parentConsentDate\": null, \"needsParentalConsent\": false}'::jsonb, '2025-08-10 07:55:27.790861'::timestamptz, '2025-08-10 07:55:29.009539+00'::timestamptz), ('48bf8bb4-3f62-485e-a13f-7956b2ad4e61'::uuid, 'popop@popop.fr', 'marcel_sans_la_gnaule', 'marcel_sans_la_gnaule', NULL, NULL, false, true, '{\"badges\": [], \"totalFails\": 0, \"couragePoints\": 0}'::jsonb, '{}'::jsonb, '{\"consentDate\": \"2025-08-10T08:03:40.274Z\", \"consentVersion\": \"1.0\", \"marketingOptIn\": true, \"documentsAccepted\": [\"terms-of-service\", \"privacy-policy\", \"moderation-charter\", \"age-restrictions\"]}'::jsonb, '{\"isMinor\": false, \"birthDate\": \"1811-01-31T23:50:39.000Z\", \"parentEmail\": null, \"parentConsentDate\": null, \"needsParentalConsent\": false}'::jsonb, '2025-08-10 08:03:41.07404'::timestamptz, '2025-08-10 08:03:42.212117+00'::timestamptz), ('e7b10aa5-fb69-45f9-8438-f0ead77b5f44'::uuid, 'all@all.fr', 'mobile_firdt_test', 'mobile_firdt_test', NULL, NULL, false, true, '{\"badges\": [], \"totalFails\": 0, \"couragePoints\": 0}'::jsonb, '{}'::jsonb, '{\"consentDate\": \"2025-08-10T08:19:17.576Z\", \"consentVersion\": \"1.0\", \"marketingOptIn\": true, \"documentsAccepted\": [\"terms-of-service\", \"privacy-policy\", \"moderation-charter\", \"age-restrictions\"]}'::jsonb, '{\"isMinor\": false, \"birthDate\": \"2008-08-09T22:00:00.000Z\", \"parentEmail\": null, \"parentConsentDate\": null, \"needsParentalConsent\": false}'::jsonb, '2025-08-10 08:19:18.080075'::timestamptz, '2025-08-10 08:19:19.264979+00'::timestamptz);"
  },
  {
    "separator": "-- ===== TABLE: fails ===== ",
    "sql_insert": "INSERT INTO fails (id, user_id, title, description, category, image_url, is_public, reactions, comments_count, created_at, updated_at) VALUES ('c722dab3-0d7c-4341-a937-6435108f5f2b'::uuid, 'a36deb63-dd4e-4828-adcf-0b6e457c25f2'::uuid, 'bruno test poste', 'je test un nouveau poste voir si ça, ça fonctionne toujours', 'cuisine', NULL, true, '{\"laugh\": 1, \"courage\": 1, \"empathy\": 1, \"support\": 1}'::jsonb, 0, '2025-08-10 13:10:49.080276+00'::timestamptz, '2025-08-10 13:26:18.886377+00'::timestamptz), ('8107cd94-1c2a-477f-ab02-471e958bf13d'::uuid, 'b64524ba-9daa-4fe7-8372-a9e94402ab83'::uuid, 'test fail utilisateurs test', 'on test si ça aussi ca refonctionne car ca beuguais', 'courage', NULL, true, '{\"laugh\": 1, \"courage\": 1, \"empathy\": 1, \"support\": 1}'::jsonb, 0, '2025-08-09 06:35:24.541571+00'::timestamptz, '2025-08-09 06:36:02.414559+00'::timestamptz), ('593df492-bc85-4fef-a9f4-d0f3b25cd76d'::uuid, 'a36deb63-dd4e-4828-adcf-0b6e457c25f2'::uuid, 'fails numero 4ZZZZ', 'lkezfiuzefnzdiufbizodnfoiuZBDFZZZZZZZZZZZZZZZZZZZZ', 'travail', NULL, true, '{\"laugh\": 1, \"courage\": 1, \"empathy\": 1, \"support\": 1}'::jsonb, 0, '2025-08-10 16:09:58.547503+00'::timestamptz, '2025-08-10 17:45:26.410881+00'::timestamptz), ('d194905e-2862-4e70-8229-045b816d3af4'::uuid, '60232dad-d6a0-43a6-baa2-f525133e4261'::uuid, 'test depuis samsung', 'on va voir si mon apli avance vraiment', 'courage', 'https://wzvhqygjkdxqfgwakyjy.supabase.co/storage/v1/object/public/fails/60232dad-d6a0-43a6-baa2-f525133e4261/1754808540086', true, '{\"laugh\": 1, \"courage\": 1, \"empathy\": 1, \"support\": 1}'::jsonb, 0, '2025-08-10 06:49:00.647233+00'::timestamptz, '2025-08-10 07:09:39.996472+00'::timestamptz), ('68749b27-2745-44b1-a91e-e2be491f2f5a'::uuid, 'a36deb63-dd4e-4828-adcf-0b6e457c25f2'::uuid, 'test voir si badges 25 fails fonctionne', 'on verra bien si ça fonctionne ou non', 'special', NULL, true, '{\"laugh\": 1, \"courage\": 1, \"empathy\": 1, \"support\": 1}'::jsonb, 0, '2025-08-10 13:27:39.059855+00'::timestamptz, '2025-08-10 13:27:48.065892+00'::timestamptz), ('48fc523b-6898-4f97-9396-5863fa56f7d0'::uuid, 'ec47b667-71ae-4d54-a414-f8e7f755226b'::uuid, 'test fail hallahSlibard', 'je n''aime pas les arabas', 'courage', NULL, true, '{\"laugh\": 1, \"courage\": 1, \"empathy\": 1, \"support\": 0}'::jsonb, 0, '2025-08-10 07:57:22.809202+00'::timestamptz, '2025-08-10 07:58:59.010373+00'::timestamptz), ('bc755b75-b65a-484d-9f55-7893d46b324d'::uuid, '48bf8bb4-3f62-485e-a13f-7956b2ad4e61'::uuid, 'marcel sans la gnole', 'plop ljh \n jihug \njhiuguyg \njuyfuyf', 'courage', NULL, true, '{\"laugh\": 1, \"courage\": 1, \"empathy\": 0, \"support\": 0}'::jsonb, 0, '2025-08-10 08:05:07.894857+00'::timestamptz, '2025-08-10 08:07:03.387501+00'::timestamptz), ('356c8610-38a7-4414-8308-94dbb9b59127'::uuid, 'a36deb63-dd4e-4828-adcf-0b6e457c25f2'::uuid, 'test fail dans sport', 'si ce fail n''est pas avec la categorie sport il y a un beug', 'sport', NULL, true, '{\"laugh\": 1, \"courage\": 1, \"empathy\": 1, \"support\": 1}'::jsonb, 0, '2025-08-10 13:13:48.70414+00'::timestamptz, '2025-08-10 13:14:48.875968+00'::timestamptz), ('019d1b12-0773-451c-b211-a3dd240706ed'::uuid, 'a36deb63-dd4e-4828-adcf-0b6e457c25f2'::uuid, 'test fepuis samsung', 'jfukjgfjivih u7fg8gug9h ucugicuf', 'perseverance', 'https://wzvhqygjkdxqfgwakyjy.supabase.co/storage/v1/object/public/fails/a36deb63-dd4e-4828-adcf-0b6e457c25f2/1754847898325', true, '{\"laugh\": 1, \"courage\": 1, \"empathy\": 1, \"support\": 1}'::jsonb, 0, '2025-08-10 17:44:59.137485+00'::timestamptz, '2025-08-10 17:45:12.517694+00'::timestamptz), ('767eab6f-0c07-4ca1-bade-658058695528'::uuid, 'a36deb63-dd4e-4828-adcf-0b6e457c25f2'::uuid, 'TEST BADGES FAILS NUMERO 5', 'ON on va voir si le badge ce debloque', 'perseverance', NULL, true, '{\"laugh\": 1, \"courage\": 1, \"empathy\": 1, \"support\": 1}'::jsonb, 0, '2025-08-10 16:10:39.352774+00'::timestamptz, '2025-08-10 17:45:21.081344+00'::timestamptz);"
  },
  {
    "separator": "-- ===== TABLE: user_badges ===== ",
    "sql_insert": "INSERT INTO user_badges (id, user_id, badge_id, created_at, unlocked_at) VALUES ('4905922f-aeb8-44c5-80f3-78e6ef6c5352'::uuid, 'b64524ba-9daa-4fe7-8372-a9e94402ab83'::uuid, 'first-fail', '2025-08-09 07:08:34.693628+00'::timestamptz, '2025-08-09 07:08:34.693628+00'::timestamptz), ('e96d2931-37c1-432c-bed8-dc8d262dfea3'::uuid, 'b64524ba-9daa-4fe7-8372-a9e94402ab83'::uuid, 'first-reaction', '2025-08-09 07:08:34.693628+00'::timestamptz, '2025-08-09 07:08:34.693628+00'::timestamptz), ('2c26f734-ea8e-469b-98b6-34da40c3dca1'::uuid, '60232dad-d6a0-43a6-baa2-f525133e4261'::uuid, 'first-fail', '2025-08-10 06:49:01.506315+00'::timestamptz, '2025-08-10 06:49:02.069+00'::timestamptz), ('eae3a1c4-956a-49ad-adff-25a10b124da0'::uuid, 'ec47b667-71ae-4d54-a414-f8e7f755226b'::uuid, 'first-fail', '2025-08-10 07:57:23.679686+00'::timestamptz, '2025-08-10 07:57:23.606+00'::timestamptz), ('98dafce4-cf52-465b-98ce-d923bf3d0085'::uuid, '48bf8bb4-3f62-485e-a13f-7956b2ad4e61'::uuid, 'first-fail', '2025-08-10 08:05:08.92585+00'::timestamptz, '2025-08-10 08:05:08.879+00'::timestamptz), ('8d04e3fa-1738-4728-ba2d-be2fec9e48bc'::uuid, 'a36deb63-dd4e-4828-adcf-0b6e457c25f2'::uuid, 'first-fail', '2025-08-10 13:10:50.361444+00'::timestamptz, '2025-08-10 13:10:50.561+00'::timestamptz), ('641f7761-da92-4e63-beb0-d073647f15b7'::uuid, 'a36deb63-dd4e-4828-adcf-0b6e457c25f2'::uuid, 'reactions-10', '2025-08-10 14:52:30.133594+00'::timestamptz, '2025-08-10 14:52:30.133594+00'::timestamptz), ('cfb5cd63-4db7-4890-b311-c94a8d91d426'::uuid, 'a36deb63-dd4e-4828-adcf-0b6e457c25f2'::uuid, 'reactions-25', '2025-08-10 14:52:30.133594+00'::timestamptz, '2025-08-10 14:52:30.133594+00'::timestamptz), ('d4294da8-0572-4f29-8a6d-772ed084984b'::uuid, 'a36deb63-dd4e-4828-adcf-0b6e457c25f2'::uuid, 'fails-5', '2025-08-10 16:10:40.79984+00'::timestamptz, '2025-08-10 16:10:40.993+00'::timestamptz), ('5e2d6b52-b477-4b8c-a852-678508b5a4dc'::uuid, 'a36deb63-dd4e-4828-adcf-0b6e457c25f2'::uuid, 'fail-master-5', '2025-08-10 16:10:41.065722+00'::timestamptz, '2025-08-10 16:10:41.309+00'::timestamptz), ('8cdc7af6-f824-445b-baca-572dab34be86'::uuid, 'a36deb63-dd4e-4828-adcf-0b6e457c25f2'::uuid, 'all-categories', '2025-08-10 16:10:41.335349+00'::timestamptz, '2025-08-10 16:10:41.576+00'::timestamptz);"
  },
  {
    "separator": "-- ===== TABLE: reactions ===== ",
    "sql_insert": "INSERT INTO reactions (id, user_id, fail_id, reaction_type, created_at) VALUES ('715151e1-b454-4a89-b99d-9b123063d916'::uuid, 'b64524ba-9daa-4fe7-8372-a9e94402ab83'::uuid, '8107cd94-1c2a-477f-ab02-471e958bf13d'::uuid, 'courage', '2025-08-09 06:35:43.493568+00'::timestamptz), ('f8968c16-8e95-45e0-999d-a94a5546d53f'::uuid, 'b64524ba-9daa-4fe7-8372-a9e94402ab83'::uuid, '8107cd94-1c2a-477f-ab02-471e958bf13d'::uuid, 'laugh', '2025-08-09 06:35:49.184768+00'::timestamptz), ('fd40a8d2-40ab-4309-bd24-b3a2d83e5a55'::uuid, 'b64524ba-9daa-4fe7-8372-a9e94402ab83'::uuid, '8107cd94-1c2a-477f-ab02-471e958bf13d'::uuid, 'empathy', '2025-08-09 06:35:53.294074+00'::timestamptz), ('4c8adaf4-73e4-4456-b7c8-cf0cde289f52'::uuid, 'b64524ba-9daa-4fe7-8372-a9e94402ab83'::uuid, '8107cd94-1c2a-477f-ab02-471e958bf13d'::uuid, 'support', '2025-08-09 06:36:02.238203+00'::timestamptz), ('537e9534-6e00-43a1-a7cb-c10c152e9d6a'::uuid, '60232dad-d6a0-43a6-baa2-f525133e4261'::uuid, 'd194905e-2862-4e70-8229-045b816d3af4'::uuid, 'courage', '2025-08-10 07:09:36.864693+00'::timestamptz), ('94278936-04dd-4886-a4fd-d2321ddef29b'::uuid, '60232dad-d6a0-43a6-baa2-f525133e4261'::uuid, 'd194905e-2862-4e70-8229-045b816d3af4'::uuid, 'laugh', '2025-08-10 07:09:39.075906+00'::timestamptz), ('fddbe151-705c-4416-903e-747ff2493541'::uuid, '60232dad-d6a0-43a6-baa2-f525133e4261'::uuid, 'd194905e-2862-4e70-8229-045b816d3af4'::uuid, 'empathy', '2025-08-10 07:09:39.521001+00'::timestamptz), ('c3e5a121-4acc-4c23-b7f6-0c0c376ccdeb'::uuid, '60232dad-d6a0-43a6-baa2-f525133e4261'::uuid, 'd194905e-2862-4e70-8229-045b816d3af4'::uuid, 'support', '2025-08-10 07:09:39.891214+00'::timestamptz), ('70c9507b-ad90-4bae-8e3f-60fd15594e0a'::uuid, '60232dad-d6a0-43a6-baa2-f525133e4261'::uuid, '8107cd94-1c2a-477f-ab02-471e958bf13d'::uuid, 'laugh', '2025-08-10 07:10:33.220176+00'::timestamptz), ('7bb2faff-647a-4d8f-b764-05f4c1a7f4e7'::uuid, '60232dad-d6a0-43a6-baa2-f525133e4261'::uuid, '8107cd94-1c2a-477f-ab02-471e958bf13d'::uuid, 'courage', '2025-08-10 07:10:37.903903+00'::timestamptz), ('277f9b42-7694-475c-b5ab-559d1e9d1593'::uuid, '60232dad-d6a0-43a6-baa2-f525133e4261'::uuid, '8107cd94-1c2a-477f-ab02-471e958bf13d'::uuid, 'empathy', '2025-08-10 07:10:39.876797+00'::timestamptz), ('5523065e-2a3f-4dd2-9637-40beb2808f47'::uuid, '60232dad-d6a0-43a6-baa2-f525133e4261'::uuid, '8107cd94-1c2a-477f-ab02-471e958bf13d'::uuid, 'support', '2025-08-10 07:10:41.07833+00'::timestamptz), ('e69bcafc-1b83-4c7c-9ef3-72c6529db561'::uuid, 'ec47b667-71ae-4d54-a414-f8e7f755226b'::uuid, 'd194905e-2862-4e70-8229-045b816d3af4'::uuid, 'courage', '2025-08-10 07:55:35.129763+00'::timestamptz), ('aac7e6a7-b390-436e-9664-034e4f5abdcc'::uuid, 'ec47b667-71ae-4d54-a414-f8e7f755226b'::uuid, 'd194905e-2862-4e70-8229-045b816d3af4'::uuid, 'laugh', '2025-08-10 07:55:40.763779+00'::timestamptz), ('3716c46f-eff4-47f4-9639-92ac554b0e5b'::uuid, 'ec47b667-71ae-4d54-a414-f8e7f755226b'::uuid, 'd194905e-2862-4e70-8229-045b816d3af4'::uuid, 'empathy', '2025-08-10 07:55:43.779987+00'::timestamptz), ('053d364c-1167-4205-ae6e-d3bc04884dec'::uuid, 'ec47b667-71ae-4d54-a414-f8e7f755226b'::uuid, 'd194905e-2862-4e70-8229-045b816d3af4'::uuid, 'support', '2025-08-10 07:55:45.612335+00'::timestamptz), ('cbd44a8f-f8d2-4137-8dac-2eac07f550ff'::uuid, 'ec47b667-71ae-4d54-a414-f8e7f755226b'::uuid, '48fc523b-6898-4f97-9396-5863fa56f7d0'::uuid, 'courage', '2025-08-10 07:58:47.852151+00'::timestamptz), ('3be0df70-68fe-46cb-aa91-820ef6ccd442'::uuid, 'ec47b667-71ae-4d54-a414-f8e7f755226b'::uuid, '48fc523b-6898-4f97-9396-5863fa56f7d0'::uuid, 'laugh', '2025-08-10 07:58:49.513411+00'::timestamptz), ('26079842-5b7f-4174-8782-15a1a96a8e20'::uuid, 'ec47b667-71ae-4d54-a414-f8e7f755226b'::uuid, '48fc523b-6898-4f97-9396-5863fa56f7d0'::uuid, 'empathy', '2025-08-10 07:58:58.817166+00'::timestamptz), ('01258e9c-fef3-4f51-ac61-c5db5d062987'::uuid, '48bf8bb4-3f62-485e-a13f-7956b2ad4e61'::uuid, '48fc523b-6898-4f97-9396-5863fa56f7d0'::uuid, 'courage', '2025-08-10 08:03:58.566821+00'::timestamptz), ('483c0d18-42cf-41d3-a402-7e0a2762fc78'::uuid, '48bf8bb4-3f62-485e-a13f-7956b2ad4e61'::uuid, '48fc523b-6898-4f97-9396-5863fa56f7d0'::uuid, 'laugh', '2025-08-10 08:04:03.321323+00'::timestamptz), ('4f2caf8a-4a3e-47c2-8123-2e447741f281'::uuid, '48bf8bb4-3f62-485e-a13f-7956b2ad4e61'::uuid, '48fc523b-6898-4f97-9396-5863fa56f7d0'::uuid, 'empathy', '2025-08-10 08:04:05.211494+00'::timestamptz), ('fd79b376-605a-4d8a-985e-973a5ca49be4'::uuid, '48bf8bb4-3f62-485e-a13f-7956b2ad4e61'::uuid, '48fc523b-6898-4f97-9396-5863fa56f7d0'::uuid, 'support', '2025-08-10 08:04:06.913373+00'::timestamptz), ('1273e563-63c2-4d4e-9ed3-cfda5f5efcd7'::uuid, '48bf8bb4-3f62-485e-a13f-7956b2ad4e61'::uuid, 'bc755b75-b65a-484d-9f55-7893d46b324d'::uuid, 'courage', '2025-08-10 08:06:55.573534+00'::timestamptz), ('2e4b0ff1-4fcc-4a23-8d6e-6dcd37f53094'::uuid, '48bf8bb4-3f62-485e-a13f-7956b2ad4e61'::uuid, 'bc755b75-b65a-484d-9f55-7893d46b324d'::uuid, 'laugh', '2025-08-10 08:07:03.165106+00'::timestamptz), ('c69dd101-822d-47a7-bd49-0c3d33805c8c'::uuid, 'a36deb63-dd4e-4828-adcf-0b6e457c25f2'::uuid, 'bc755b75-b65a-484d-9f55-7893d46b324d'::uuid, 'courage', '2025-08-10 10:49:33.528338+00'::timestamptz), ('d7f72b91-e08b-482b-82f6-d633f9944173'::uuid, 'a36deb63-dd4e-4828-adcf-0b6e457c25f2'::uuid, 'bc755b75-b65a-484d-9f55-7893d46b324d'::uuid, 'laugh', '2025-08-10 10:49:48.217195+00'::timestamptz), ('0c446241-a8a8-470f-929b-7f51f40e59da'::uuid, 'a36deb63-dd4e-4828-adcf-0b6e457c25f2'::uuid, 'bc755b75-b65a-484d-9f55-7893d46b324d'::uuid, 'empathy', '2025-08-10 11:46:36.255938+00'::timestamptz), ('d7f76f7a-8ebb-4310-a2c6-dcdd642ba959'::uuid, 'a36deb63-dd4e-4828-adcf-0b6e457c25f2'::uuid, 'bc755b75-b65a-484d-9f55-7893d46b324d'::uuid, 'support', '2025-08-10 11:46:37.928938+00'::timestamptz), ('f1c050dd-0d5c-43f0-8d78-2e2207732643'::uuid, 'a36deb63-dd4e-4828-adcf-0b6e457c25f2'::uuid, '356c8610-38a7-4414-8308-94dbb9b59127'::uuid, 'courage', '2025-08-10 13:14:43.26844+00'::timestamptz), ('4b01b5c4-9a38-41d1-8729-591575485998'::uuid, 'a36deb63-dd4e-4828-adcf-0b6e457c25f2'::uuid, '356c8610-38a7-4414-8308-94dbb9b59127'::uuid, 'laugh', '2025-08-10 13:14:45.149779+00'::timestamptz), ('9d036c46-19a3-4e81-bdf7-f02c8bae86d9'::uuid, 'a36deb63-dd4e-4828-adcf-0b6e457c25f2'::uuid, '356c8610-38a7-4414-8308-94dbb9b59127'::uuid, 'empathy', '2025-08-10 13:14:46.889156+00'::timestamptz), ('6567bed0-82b4-4259-b577-29c818046d66'::uuid, 'a36deb63-dd4e-4828-adcf-0b6e457c25f2'::uuid, '356c8610-38a7-4414-8308-94dbb9b59127'::uuid, 'support', '2025-08-10 13:14:48.640599+00'::timestamptz), ('a9c4fcb5-3321-46c1-9da3-cd72c5280ddb'::uuid, 'a36deb63-dd4e-4828-adcf-0b6e457c25f2'::uuid, 'c722dab3-0d7c-4341-a937-6435108f5f2b'::uuid, 'courage', '2025-08-10 13:26:15.049529+00'::timestamptz), ('41e03fea-dce7-4174-9730-254efcd49493'::uuid, 'a36deb63-dd4e-4828-adcf-0b6e457c25f2'::uuid, 'c722dab3-0d7c-4341-a937-6435108f5f2b'::uuid, 'laugh', '2025-08-10 13:26:16.285627+00'::timestamptz), ('b1047c62-4e5c-4e35-bdfc-edf8cb9a99db'::uuid, 'a36deb63-dd4e-4828-adcf-0b6e457c25f2'::uuid, 'c722dab3-0d7c-4341-a937-6435108f5f2b'::uuid, 'empathy', '2025-08-10 13:26:17.474838+00'::timestamptz), ('c378a28d-717c-4322-b3a6-212835d305a2'::uuid, 'a36deb63-dd4e-4828-adcf-0b6e457c25f2'::uuid, 'c722dab3-0d7c-4341-a937-6435108f5f2b'::uuid, 'support', '2025-08-10 13:26:18.677821+00'::timestamptz), ('6bfdd14a-d9f1-4493-a50f-94e0e1265f1f'::uuid, 'a36deb63-dd4e-4828-adcf-0b6e457c25f2'::uuid, '48fc523b-6898-4f97-9396-5863fa56f7d0'::uuid, 'courage', '2025-08-10 13:26:28.752792+00'::timestamptz), ('f627c46a-d9ac-4449-8c24-a64e9e8299bd'::uuid, 'a36deb63-dd4e-4828-adcf-0b6e457c25f2'::uuid, '48fc523b-6898-4f97-9396-5863fa56f7d0'::uuid, 'laugh', '2025-08-10 13:26:30.053622+00'::timestamptz), ('bf23517a-e4cf-4851-b4c0-a1be01270fdb'::uuid, 'a36deb63-dd4e-4828-adcf-0b6e457c25f2'::uuid, '48fc523b-6898-4f97-9396-5863fa56f7d0'::uuid, 'empathy', '2025-08-10 13:26:31.191791+00'::timestamptz), ('c0b9c7d9-9978-4852-951e-c6348e4362aa'::uuid, 'a36deb63-dd4e-4828-adcf-0b6e457c25f2'::uuid, '48fc523b-6898-4f97-9396-5863fa56f7d0'::uuid, 'support', '2025-08-10 13:26:32.349689+00'::timestamptz), ('bc618eb2-a9ec-427e-96fa-aad31bc17603'::uuid, 'a36deb63-dd4e-4828-adcf-0b6e457c25f2'::uuid, 'd194905e-2862-4e70-8229-045b816d3af4'::uuid, 'courage', '2025-08-10 13:26:34.991809+00'::timestamptz), ('a1398f18-9ac1-41b9-995f-a969d7e92952'::uuid, 'a36deb63-dd4e-4828-adcf-0b6e457c25f2'::uuid, 'd194905e-2862-4e70-8229-045b816d3af4'::uuid, 'laugh', '2025-08-10 13:26:36.275957+00'::timestamptz), ('1bcec954-df78-4aa0-9bdc-dd4e4beb8d9b'::uuid, 'a36deb63-dd4e-4828-adcf-0b6e457c25f2'::uuid, 'd194905e-2862-4e70-8229-045b816d3af4'::uuid, 'empathy', '2025-08-10 13:26:37.581247+00'::timestamptz), ('810b8bfb-9741-48a9-aaf4-279c550e6408'::uuid, 'a36deb63-dd4e-4828-adcf-0b6e457c25f2'::uuid, 'd194905e-2862-4e70-8229-045b816d3af4'::uuid, 'support', '2025-08-10 13:26:39.466353+00'::timestamptz), ('799fd7ef-661c-4c04-8508-b6ca626f44dd'::uuid, 'a36deb63-dd4e-4828-adcf-0b6e457c25f2'::uuid, '8107cd94-1c2a-477f-ab02-471e958bf13d'::uuid, 'courage', '2025-08-10 13:26:43.088835+00'::timestamptz), ('f3475754-4e85-4582-9b8a-37df900bb7cc'::uuid, 'a36deb63-dd4e-4828-adcf-0b6e457c25f2'::uuid, '8107cd94-1c2a-477f-ab02-471e958bf13d'::uuid, 'laugh', '2025-08-10 13:26:44.548325+00'::timestamptz), ('3fb2fa6b-8c1e-47d3-9e89-fdabe089e0a8'::uuid, 'a36deb63-dd4e-4828-adcf-0b6e457c25f2'::uuid, '8107cd94-1c2a-477f-ab02-471e958bf13d'::uuid, 'empathy', '2025-08-10 13:26:45.925062+00'::timestamptz), ('df5ba9a1-f8e3-482c-b4e5-a5df5d2ef12f'::uuid, 'a36deb63-dd4e-4828-adcf-0b6e457c25f2'::uuid, '8107cd94-1c2a-477f-ab02-471e958bf13d'::uuid, 'support', '2025-08-10 13:26:47.215611+00'::timestamptz), ('8ee31843-cca6-4aa7-a052-dcbcc39fb5cb'::uuid, 'a36deb63-dd4e-4828-adcf-0b6e457c25f2'::uuid, '68749b27-2745-44b1-a91e-e2be491f2f5a'::uuid, 'courage', '2025-08-10 13:27:43.082683+00'::timestamptz), ('c0a76ede-63e2-4a68-aa4d-096dc672fd82'::uuid, 'a36deb63-dd4e-4828-adcf-0b6e457c25f2'::uuid, '68749b27-2745-44b1-a91e-e2be491f2f5a'::uuid, 'laugh', '2025-08-10 13:27:45.025334+00'::timestamptz), ('e6d4cd6f-27d1-4bb2-a0af-c2cc8ed7ec74'::uuid, 'a36deb63-dd4e-4828-adcf-0b6e457c25f2'::uuid, '68749b27-2745-44b1-a91e-e2be491f2f5a'::uuid, 'empathy', '2025-08-10 13:27:46.587688+00'::timestamptz), ('f8254cc0-4e61-4321-a883-62a0c1d56a68'::uuid, 'a36deb63-dd4e-4828-adcf-0b6e457c25f2'::uuid, '68749b27-2745-44b1-a91e-e2be491f2f5a'::uuid, 'support', '2025-08-10 13:27:47.888462+00'::timestamptz), ('9ac7638d-3727-46a5-8eeb-c4ddec687cf6'::uuid, 'a36deb63-dd4e-4828-adcf-0b6e457c25f2'::uuid, '019d1b12-0773-451c-b211-a3dd240706ed'::uuid, 'courage', '2025-08-10 17:45:06.825543+00'::timestamptz), ('6daf3e3c-e6cf-4e0e-bfbf-e57c5f36c04d'::uuid, 'a36deb63-dd4e-4828-adcf-0b6e457c25f2'::uuid, '019d1b12-0773-451c-b211-a3dd240706ed'::uuid, 'laugh', '2025-08-10 17:45:08.89053+00'::timestamptz), ('821da625-b484-4f2f-9ebd-b242baf533de'::uuid, 'a36deb63-dd4e-4828-adcf-0b6e457c25f2'::uuid, '019d1b12-0773-451c-b211-a3dd240706ed'::uuid, 'empathy', '2025-08-10 17:45:10.608213+00'::timestamptz), ('fe91885f-2a2d-43b7-9821-fe9982bc853a'::uuid, 'a36deb63-dd4e-4828-adcf-0b6e457c25f2'::uuid, '019d1b12-0773-451c-b211-a3dd240706ed'::uuid, 'support', '2025-08-10 17:45:12.413913+00'::timestamptz), ('e116f2ec-56ac-400d-afbf-f204e7fdc65c'::uuid, 'a36deb63-dd4e-4828-adcf-0b6e457c25f2'::uuid, '767eab6f-0c07-4ca1-bade-658058695528'::uuid, 'support', '2025-08-10 17:45:16.065638+00'::timestamptz), ('673c8cb1-a717-4199-878c-56ec8fb26160'::uuid, 'a36deb63-dd4e-4828-adcf-0b6e457c25f2'::uuid, '767eab6f-0c07-4ca1-bade-658058695528'::uuid, 'empathy', '2025-08-10 17:45:17.792641+00'::timestamptz), ('8ebae6a3-6ba1-4d43-9999-7df33aa59bae'::uuid, 'a36deb63-dd4e-4828-adcf-0b6e457c25f2'::uuid, '767eab6f-0c07-4ca1-bade-658058695528'::uuid, 'laugh', '2025-08-10 17:45:19.351123+00'::timestamptz), ('9de94ee7-7d11-4028-8911-04dcf4d32501'::uuid, 'a36deb63-dd4e-4828-adcf-0b6e457c25f2'::uuid, '767eab6f-0c07-4ca1-bade-658058695528'::uuid, 'courage', '2025-08-10 17:45:20.955974+00'::timestamptz), ('a6addbb1-4c7f-43c4-b5ac-102e185423f7'::uuid, 'a36deb63-dd4e-4828-adcf-0b6e457c25f2'::uuid, '593df492-bc85-4fef-a9f4-d0f3b25cd76d'::uuid, 'courage', '2025-08-10 17:45:23.126429+00'::timestamptz), ('746345c6-06e2-4e97-bb56-25fe7e37684a'::uuid, 'a36deb63-dd4e-4828-adcf-0b6e457c25f2'::uuid, '593df492-bc85-4fef-a9f4-d0f3b25cd76d'::uuid, 'laugh', '2025-08-10 17:45:24.296156+00'::timestamptz), ('05983c69-6851-4905-b13f-37e602862028'::uuid, 'a36deb63-dd4e-4828-adcf-0b6e457c25f2'::uuid, '593df492-bc85-4fef-a9f4-d0f3b25cd76d'::uuid, 'empathy', '2025-08-10 17:45:25.368272+00'::timestamptz), ('29f4b772-1dae-407e-93a9-fc2168f356ae'::uuid, 'a36deb63-dd4e-4828-adcf-0b6e457c25f2'::uuid, '593df492-bc85-4fef-a9f4-d0f3b25cd76d'::uuid, 'support', '2025-08-10 17:45:26.311034+00'::timestamptz);"
  },
  {
    "separator": "-- ===== TABLE: comments ===== ",
    "sql_insert": null
  },
  {
    "separator": "-- ===== TABLE: badges ===== ",
    "sql_insert": "INSERT INTO badges (id, user_id, name, description, icon, category, badge_type, rarity, created_at, unlocked_at) VALUES ('0761d5ce-eb82-4c9f-a0ac-3e59f4eff26a'::uuid, 'b64524ba-9daa-4fe7-8372-a9e94402ab83'::uuid, 'Premier Pas', 'Félicitations pour votre premier fail partagé !', 'footsteps-outline', 'COURAGE', 'first-fail', 'common', '2025-08-09 06:35:24.541571+00'::timestamptz, '2025-08-09 06:35:24.541571+00'::timestamptz), ('d78a1068-30e0-4a3a-b608-0ea788e900bb'::uuid, '60232dad-d6a0-43a6-baa2-f525133e4261'::uuid, 'Premier Pas', 'Félicitations pour votre premier fail partagé !', 'footsteps-outline', 'COURAGE', 'first-fail', 'common', '2025-08-10 06:49:00.647233+00'::timestamptz, '2025-08-10 06:49:00.647233+00'::timestamptz), ('a7aaf051-1327-4813-a3fd-408f6a60149f'::uuid, 'ec47b667-71ae-4d54-a414-f8e7f755226b'::uuid, 'Premier Pas', 'Félicitations pour votre premier fail partagé !', 'footsteps-outline', 'COURAGE', 'first-fail', 'common', '2025-08-10 07:57:22.809202+00'::timestamptz, '2025-08-10 07:57:22.809202+00'::timestamptz), ('d7e192d2-6fba-4664-884d-0ffeca979e21'::uuid, '48bf8bb4-3f62-485e-a13f-7956b2ad4e61'::uuid, 'Premier Pas', 'Félicitations pour votre premier fail partagé !', 'footsteps-outline', 'COURAGE', 'first-fail', 'common', '2025-08-10 08:05:07.894857+00'::timestamptz, '2025-08-10 08:05:07.894857+00'::timestamptz), ('1c626073-337f-437b-9f21-54c5d0bec02a'::uuid, 'a36deb63-dd4e-4828-adcf-0b6e457c25f2'::uuid, 'Premier Pas', 'Félicitations pour votre premier fail partagé !', 'footsteps-outline', 'COURAGE', 'first-fail', 'common', '2025-08-10 13:10:49.080276+00'::timestamptz, '2025-08-10 13:10:49.080276+00'::timestamptz), ('6c82c595-4bdb-4c50-8e2e-eac96f136c9d'::uuid, 'a36deb63-dd4e-4828-adcf-0b6e457c25f2'::uuid, 'Apprenti', 'Partager 5 fails', 'school-outline', 'COURAGE', 'fail-master-5', 'common', '2025-08-10 16:10:39.352774+00'::timestamptz, '2025-08-10 16:10:39.352774+00'::timestamptz), ('9c052275-74ca-4aaa-a6c0-274afe7631f2'::uuid, 'a36deb63-dd4e-4828-adcf-0b6e457c25f2'::uuid, 'Apprenti Courage', 'Poster 5 fails', 'ribbon-outline', 'COURAGE', 'fails-5', 'common', '2025-08-10 16:10:39.352774+00'::timestamptz, '2025-08-10 16:10:39.352774+00'::timestamptz);"
  }
]